size,time
150,0.00017079999088309705
300,0.00010840001050382853
450,0.0001844999787863344
600,0.0002725000085774809
750,0.0006629999843426049
900,0.0006479999865405262
1050,0.0007188000017777085
1200,0.0014176999975461513
1350,0.0014119000115897506
1500,0.0011337999894749373
