size,time
112,0.013363700010813773
224,0.12252030000672676
336,0.6655933000147343
448,2.319552200002363
560,4.652621699991869
672,10.346610500011593
784,50.12267390001216
896,40.344617700000526
