size,time
90,0.03522970000631176
180,0.2873013000062201
270,0.9434977000055369
360,2.570825300004799
450,4.460947799991118
540,11.233570400014287
630,38.150340599997435
720,37.050898199988296
810,25.398672799987253
900,34.259665600024164
