size,time
50,0.5426863000029698
100,7.23032790000434
150,34.33706550000352
200,107.80731649999507
250,266.1310854999756
