size,time
50,0.006032100005540997
100,0.05285340000409633
150,0.16931250001653098
200,0.38967950001824647
250,0.7660915000014938
300,1.3513392000168096
350,2.1324319999839645
400,3.332617999985814
450,4.47481150002568
500,6.056192499992903
550,7.834510199987562
600,11.035413299978245
650,13.56693910001195
700,17.273279900022317
750,21.068188499979442
800,25.18200810000417
